source_url,raw_href,normalized_internal_path,source_http_status,error
https://chatreghermez.com/,https://chatreghermez.com/,/,200,
https://chatreghermez.com/,https://chatreghermez.com/website-design-in-isfahan/,/website-design-in-isfahan/,200,
https://chatreghermez.com/,https://chatreghermez.com/graphic-design-services/,/graphic-design-services/,200,
https://chatreghermez.com/,https://chatreghermez.com/advertising-video-and-teaser/,/advertising-video-and-teaser/,200,
https://chatreghermez.com/,https://chatreghermez.com/instagram-page-management-in-isfahan/,/instagram-page-management-in-isfahan/,200,
https://chatreghermez.com/,https://chatreghermez.com/portfolios/,/portfolios/,200,
https://chatreghermez.com/,https://chatreghermez.com/contact-us/,/contact-us/,200,
https://chatreghermez.com/,https://chatreghermez.com/seo-services-in-isfahan/,/seo-services-in-isfahan/,200,
https://chatreghermez.com/,https://chatreghermez.com/about-us/,/about-us/,200,
https://chatreghermez.com/,https://chatreghermez.com/%d9%be%d9%88%d8%b1%d8%aa%d9%81%d9%88%d9%84%db%8c%d9%88-1/,/%d9%be%d9%88%d8%b1%d8%aa%d9%81%d9%88%d9%84%db%8c%d9%88-1/,200,
https://chatreghermez.com/,https://chatreghermez.com/%D9%BE%D9%88%D8%B1%D8%AA%D9%81%D9%88%D9%84%DB%8C%D9%88-1,/%D9%BE%D9%88%D8%B1%D8%AA%D9%81%D9%88%D9%84%DB%8C%D9%88-1,200,
https://chatreghermez.com/,https://chatreghermez.com/elementor-880/,/elementor-880/,200,
https://chatreghermez.com/,https://chatreghermez.com/%da%86%da%af%d9%88%d9%86%da%af%db%8c-%d9%81%d8%a7%d8%b1%d8%b3%db%8c-%da%a9%d8%b1%d8%af%d9%86-%d8%a7%d9%81%d8%b2%d9%88%d9%86%d9%87-%d9%87%d8%a7%db%8c-%d9%88%d8%b1%d8%af%d9%be%d8%b1%d8%b3/,/%da%86%da%af%d9%88%d9%86%da%af%db%8c-%d9%81%d8%a7%d8%b1%d8%b3%db%8c-%da%a9%d8%b1%d8%af%d9%86-%d8%a7%d9%81%d8%b2%d9%88%d9%86%d9%87-%d9%87%d8%a7%db%8c-%d9%88%d8%b1%d8%af%d9%be%d8%b1%d8%b3/,200,
https://chatreghermez.com/,https://chatreghermez.com/category/%d8%a8%d9%84%d8%a7%da%af/,/category/%d8%a8%d9%84%d8%a7%da%af/,200,
https://chatreghermez.com/,https://chatreghermez.com/%d8%a7%d9%84%da%af%d9%88%d8%b1%db%8c%d8%aa%d9%85-%d8%a7%db%8c%d9%86%d8%b3%d8%aa%d8%a7%da%af%d8%b1%d8%a7%d9%85-%da%86%db%8c%d8%b3%d8%aa-%d9%88-%da%86%da%af%d9%88%d9%86%d9%87-%da%a9%d8%a7%d8%b1-%d9%85/,/%d8%a7%d9%84%da%af%d9%88%d8%b1%db%8c%d8%aa%d9%85-%d8%a7%db%8c%d9%86%d8%b3%d8%aa%d8%a7%da%af%d8%b1%d8%a7%d9%85-%da%86%db%8c%d8%b3%d8%aa-%d9%88-%da%86%da%af%d9%88%d9%86%d9%87-%da%a9%d8%a7%d8%b1-%d9%85/,200,
https://chatreghermez.com/,https://chatreghermez.com/category/%d9%85%d9%82%d8%a7%d9%84%d9%87-%d9%87%d8%a7/,/category/%d9%85%d9%82%d8%a7%d9%84%d9%87-%d9%87%d8%a7/,200,
https://chatreghermez.com/,https://chatreghermez.com/%d9%85%d9%87%d8%a7%d8%b1%d8%aa-%d9%87%d8%a7%db%8c-%d9%84%d8%a7%d8%b2%d9%85-%d8%a8%d8%b1%d8%a7%db%8c-%d8%b7%d8%b1%d8%a7%d8%ad%db%8c-%da%af%d8%b1%d8%a7%d9%81%db%8c%da%a9%db%8c/,/%d9%85%d9%87%d8%a7%d8%b1%d8%aa-%d9%87%d8%a7%db%8c-%d9%84%d8%a7%d8%b2%d9%85-%d8%a8%d8%b1%d8%a7%db%8c-%d8%b7%d8%b1%d8%a7%d8%ad%db%8c-%da%af%d8%b1%d8%a7%d9%81%db%8c%da%a9%db%8c/,200,
https://chatreghermez.com/,https://chatreghermez.com/%d9%88%d8%a7%d8%b1%d8%af-%da%a9%d8%b1%d8%af%d9%86-%d9%85%d8%ad%d8%aa%d9%88%d8%a7-%d8%af%d8%b1-%da%af%d9%88%da%af%d9%84-%d8%af%db%8c%d8%b3%da%a9%d8%a7%d9%88%d8%b1/,/%d9%88%d8%a7%d8%b1%d8%af-%da%a9%d8%b1%d8%af%d9%86-%d9%85%d8%ad%d8%aa%d9%88%d8%a7-%d8%af%d8%b1-%da%af%d9%88%da%af%d9%84-%d8%af%db%8c%d8%b3%da%a9%d8%a7%d9%88%d8%b1/,200,
https://chatreghermez.com/,https://chatreghermez.com/%d8%b7%d8%b1%d8%a7%d8%ad%db%8c-%d9%88-%da%86%d8%a7%d9%be-%da%a9%d8%a7%d8%aa%d8%a7%d9%84%d9%88%da%af-%d8%af%d8%b1-%d8%a7%d8%b5%d9%81%d9%87%d8%a7%d9%86/,/%d8%b7%d8%b1%d8%a7%d8%ad%db%8c-%d9%88-%da%86%d8%a7%d9%be-%da%a9%d8%a7%d8%aa%d8%a7%d9%84%d9%88%da%af-%d8%af%d8%b1-%d8%a7%d8%b5%d9%81%d9%87%d8%a7%d9%86/,200,
https://chatreghermez.com/,https://chatreghermez.com/%da%86%d8%a7%d9%be-%d9%88-%d8%b7%d8%b1%d8%a7%d8%ad%db%8c-%d8%b3%d8%b1%d8%a8%d8%b1%da%af-%d8%af%d8%b1-%d8%a7%d8%b5%d9%81%d9%87%d8%a7%d9%86/,/%da%86%d8%a7%d9%be-%d9%88-%d8%b7%d8%b1%d8%a7%d8%ad%db%8c-%d8%b3%d8%b1%d8%a8%d8%b1%da%af-%d8%af%d8%b1-%d8%a7%d8%b5%d9%81%d9%87%d8%a7%d9%86/,200,
https://chatreghermez.com/,https://chatreghermez.com/%da%86%d8%a7%d9%be-%d9%be%d8%a7%da%a9%d8%aa-%d8%af%d8%b1-%d8%a7%d8%b5%d9%81%d9%87%d8%a7%d9%86/,/%da%86%d8%a7%d9%be-%d9%be%d8%a7%da%a9%d8%aa-%d8%af%d8%b1-%d8%a7%d8%b5%d9%81%d9%87%d8%a7%d9%86/,200,
https://chatreghermez.com/,https://chatreghermez.com/%d8%b7%d8%b1%d8%a7%d8%ad%db%8c-%da%a9%d9%85%d9%be%db%8c%d9%86-%d8%aa%d8%a8%d9%84%db%8c%d8%ba%d8%a7%d8%aa%db%8c/,/%d8%b7%d8%b1%d8%a7%d8%ad%db%8c-%da%a9%d9%85%d9%be%db%8c%d9%86-%d8%aa%d8%a8%d9%84%db%8c%d8%ba%d8%a7%d8%aa%db%8c/,200,
https://chatreghermez.com/,https://chatreghermez.com/%d8%b7%d8%b1%d8%a7%d8%ad%db%8c-%d8%b3%d8%a7%da%a9-%d8%af%d8%b3%d8%aa%db%8c-%d8%af%d8%b1-%d8%a7%d8%b5%d9%81%d9%87%d8%a7%d9%86/,/%d8%b7%d8%b1%d8%a7%d8%ad%db%8c-%d8%b3%d8%a7%da%a9-%d8%af%d8%b3%d8%aa%db%8c-%d8%af%d8%b1-%d8%a7%d8%b5%d9%81%d9%87%d8%a7%d9%86/,200,
https://chatreghermez.com/,https://chatreghermez.com/%d8%b7%d8%b1%d8%a7%d8%ad%db%8c-%da%a9%d8%a7%d8%b1%d8%a7%da%a9%d8%aa%d8%b1-%d8%aa%d8%a8%d9%84%db%8c%d8%ba%d8%a7%d8%aa%db%8c-%d8%a8%d8%b1%d9%86%d8%af/,/%d8%b7%d8%b1%d8%a7%d8%ad%db%8c-%da%a9%d8%a7%d8%b1%d8%a7%da%a9%d8%aa%d8%b1-%d8%aa%d8%a8%d9%84%db%8c%d8%ba%d8%a7%d8%aa%db%8c-%d8%a8%d8%b1%d9%86%d8%af/,200,
https://chatreghermez.com/,https://chatreghermez.com/%d8%b7%d8%b1%d8%a7%d8%ad%db%8c-%d8%b3%d8%aa-%d8%a7%d8%af%d8%a7%d8%b1%db%8c-%d8%af%d8%b1-%d8%a7%d8%b5%d9%81%d9%87%d8%a7%d9%86/,/%d8%b7%d8%b1%d8%a7%d8%ad%db%8c-%d8%b3%d8%aa-%d8%a7%d8%af%d8%a7%d8%b1%db%8c-%d8%af%d8%b1-%d8%a7%d8%b5%d9%81%d9%87%d8%a7%d9%86/,200,
https://chatreghermez.com/,https://chatreghermez.com/%d8%b9%da%a9%d8%a7%d8%b3%db%8c-%d8%b5%d9%86%d8%b9%d8%aa%db%8c-%d9%88-%d8%aa%d8%a8%d9%84%db%8c%d8%ba%d8%a7%d8%aa%db%8c-%d8%af%d8%b1-%d8%a7%d8%b5%d9%81%d9%87%d8%a7%d9%86/,/%d8%b9%da%a9%d8%a7%d8%b3%db%8c-%d8%b5%d9%86%d8%b9%d8%aa%db%8c-%d9%88-%d8%aa%d8%a8%d9%84%db%8c%d8%ba%d8%a7%d8%aa%db%8c-%d8%af%d8%b1-%d8%a7%d8%b5%d9%81%d9%87%d8%a7%d9%86/,200,
https://chatreghermez.com/,https://chatreghermez.com/%d8%b7%d8%b1%d8%a7%d8%ad%db%8c-%d9%be%d8%b1%da%86%d9%85-%d8%af%d8%b1-%d8%a7%d8%b5%d9%81%d9%87%d8%a7%d9%86/,/%d8%b7%d8%b1%d8%a7%d8%ad%db%8c-%d9%be%d8%b1%da%86%d9%85-%d8%af%d8%b1-%d8%a7%d8%b5%d9%81%d9%87%d8%a7%d9%86/,200,
https://chatreghermez.com/,https://chatreghermez.com/%d8%ae%d8%af%d9%85%d8%a7%d8%aa-%d8%b3%d8%a6%d9%88-%d8%af%d8%b1-%d8%a7%d8%b5%d9%81%d9%87%d8%a7%d9%86/,/%d8%ae%d8%af%d9%85%d8%a7%d8%aa-%d8%b3%d8%a6%d9%88-%d8%af%d8%b1-%d8%a7%d8%b5%d9%81%d9%87%d8%a7%d9%86/,200,
https://chatreghermez.com/,https://chatreghermez.com/%d8%b7%d8%b1%d8%a7%d8%ad%db%8c-%d8%b3%d8%a7%db%8c%d8%aa-%d8%af%d8%b1-%d8%a7%d8%b5%d9%81%d9%87%d8%a7%d9%86/,/%d8%b7%d8%b1%d8%a7%d8%ad%db%8c-%d8%b3%d8%a7%db%8c%d8%aa-%d8%af%d8%b1-%d8%a7%d8%b5%d9%81%d9%87%d8%a7%d9%86/,200,
https://chatreghermez.com/,https://chatreghermez.com/%d8%b7%d8%b1%d8%a7%d8%ad%db%8c-%da%a9%d8%a7%d8%b1%d8%aa-%d9%88%db%8c%d8%b2%db%8c%d8%aa-%d8%af%d8%b1-%d8%a7%d8%b5%d9%81%d9%87%d8%a7%d9%86/,/%d8%b7%d8%b1%d8%a7%d8%ad%db%8c-%da%a9%d8%a7%d8%b1%d8%aa-%d9%88%db%8c%d8%b2%db%8c%d8%aa-%d8%af%d8%b1-%d8%a7%d8%b5%d9%81%d9%87%d8%a7%d9%86/,200,
https://chatreghermez.com/,https://chatreghermez.com/%d8%b7%d8%b1%d8%a7%d8%ad%db%8c-%da%a9%d8%a7%d8%b1%d8%aa-%d9%be%d8%b1%d8%b3%d9%86%d9%84%db%8c-%d8%af%d8%b1-%d8%a7%d8%b5%d9%81%d9%87%d8%a7%d9%86/,/%d8%b7%d8%b1%d8%a7%d8%ad%db%8c-%da%a9%d8%a7%d8%b1%d8%aa-%d9%be%d8%b1%d8%b3%d9%86%d9%84%db%8c-%d8%af%d8%b1-%d8%a7%d8%b5%d9%81%d9%87%d8%a7%d9%86/,200,
https://chatreghermez.com/,https://chatreghermez.com/%d8%b7%d8%b1%d8%a7%d8%ad%db%8c-%d9%85%d9%88%d8%b4%d9%86-%da%af%d8%b1%d8%a7%d9%81%db%8c%da%a9-%d8%af%d8%b1-%d8%a7%d8%b5%d9%81%d9%87%d8%a7%d9%86/,/%d8%b7%d8%b1%d8%a7%d8%ad%db%8c-%d9%85%d9%88%d8%b4%d9%86-%da%af%d8%b1%d8%a7%d9%81%db%8c%da%a9-%d8%af%d8%b1-%d8%a7%d8%b5%d9%81%d9%87%d8%a7%d9%86/,200,
https://chatreghermez.com/,https://chatreghermez.com/%d8%b7%d8%b1%d8%a7%d8%ad%db%8c-%d9%88-%da%86%d8%a7%d9%be-%d8%a8%d8%b1%d9%88%d8%b4%d9%88%d8%b1-%d8%af%d8%b1-%d8%a7%d8%b5%d9%81%d9%87%d8%a7%d9%86/,/%d8%b7%d8%b1%d8%a7%d8%ad%db%8c-%d9%88-%da%86%d8%a7%d9%be-%d8%a8%d8%b1%d9%88%d8%b4%d9%88%d8%b1-%d8%af%d8%b1-%d8%a7%d8%b5%d9%81%d9%87%d8%a7%d9%86/,200,
https://chatreghermez.com/,https://chatreghermez.com/%d8%b7%d8%b1%d8%a7%d8%ad%db%8c-%d9%84%d9%88%da%af%d9%88-%d8%af%d8%b1-%d8%a7%d8%b5%d9%81%d9%87%d8%a7%d9%86/,/%d8%b7%d8%b1%d8%a7%d8%ad%db%8c-%d9%84%d9%88%da%af%d9%88-%d8%af%d8%b1-%d8%a7%d8%b5%d9%81%d9%87%d8%a7%d9%86/,200,
https://chatreghermez.com/,https://chatreghermez.com/%d8%b7%d8%b1%d8%a7%d8%ad%db%8c-%d9%88-%da%86%d8%a7%d9%be-%da%a9%d8%a7%d8%b1%d8%aa-%d9%88%db%8c%d8%b2%db%8c%d8%aa-%d8%af%d8%b1-%d8%a7%d8%b5%d9%81%d9%87%d8%a7%d9%86/,/%d8%b7%d8%b1%d8%a7%d8%ad%db%8c-%d9%88-%da%86%d8%a7%d9%be-%da%a9%d8%a7%d8%b1%d8%aa-%d9%88%db%8c%d8%b2%db%8c%d8%aa-%d8%af%d8%b1-%d8%a7%d8%b5%d9%81%d9%87%d8%a7%d9%86/,200,
https://chatreghermez.com/,https://chatreghermez.com/%d8%b7%d8%b1%d8%a7%d8%ad%db%8c-%d9%88-%d8%aa%d8%b5%d9%88%db%8c%d8%b1-%d8%b3%d8%a7%d8%b2%db%8c-%da%a9%d8%aa%d8%a7%d8%a8-%da%a9%d9%88%d8%af%da%a9/,/%d8%b7%d8%b1%d8%a7%d8%ad%db%8c-%d9%88-%d8%aa%d8%b5%d9%88%db%8c%d8%b1-%d8%b3%d8%a7%d8%b2%db%8c-%da%a9%d8%aa%d8%a7%d8%a8-%da%a9%d9%88%d8%af%da%a9/,200,
https://chatreghermez.com/,https://chatreghermez.com/%d8%b7%d8%b1%d8%a7%d8%ad%db%8c-%da%a9%d8%aa%d8%a7%d8%a8/,/%d8%b7%d8%b1%d8%a7%d8%ad%db%8c-%da%a9%d8%aa%d8%a7%d8%a8/,200,
https://chatreghermez.com/,https://chatreghermez.com/%d8%b3%d8%a7%da%a9-%d8%af%d8%b3%d8%aa%db%8c-%db%8c%d8%a7-%d9%87%d9%85%d8%a7%d9%86-%d8%b4%d8%a7%d9%be%db%8c%d9%86%da%af-%d8%a8%da%af-%d9%87%d8%a7-%da%86%d9%87-%d8%aa%d8%a7%d8%ab%db%8c%d8%b1%db%8c/,/%d8%b3%d8%a7%da%a9-%d8%af%d8%b3%d8%aa%db%8c-%db%8c%d8%a7-%d9%87%d9%85%d8%a7%d9%86-%d8%b4%d8%a7%d9%be%db%8c%d9%86%da%af-%d8%a8%da%af-%d9%87%d8%a7-%da%86%d9%87-%d8%aa%d8%a7%d8%ab%db%8c%d8%b1%db%8c/,200,
https://chatreghermez.com/,https://chatreghermez.com/advantages-of-website-design-in-isfahan/,/advantages-of-website-design-in-isfahan/,200,
https://chatreghermez.com/,https://chatreghermez.com/category/%d8%b7%d8%b1%d8%a7%d8%ad%db%8c-%d8%b3%d8%a7%db%8c%d8%aa/,/category/%d8%b7%d8%b1%d8%a7%d8%ad%db%8c-%d8%b3%d8%a7%db%8c%d8%aa/,200,
https://chatreghermez.com/,https://chatreghermez.com/%d8%b1%d8%b4%d8%af-%da%a9%d8%b3%d8%a8-%d9%88-%da%a9%d8%a7%d8%b1/,/%d8%b1%d8%b4%d8%af-%da%a9%d8%b3%d8%a8-%d9%88-%da%a9%d8%a7%d8%b1/,200,
https://chatreghermez.com/,https://chatreghermez.com/%d8%a8%d9%87%d8%aa%d8%b1%db%8c%d9%86-%d8%a7%d8%a8%d8%b2%d8%a7%d8%b1-%d9%86%d9%88%d8%b4%d8%aa%d9%86-%da%a9%d9%be%d8%b4%d9%86-%d8%a7%db%8c%d9%86%d8%b3%d8%aa%d8%a7%da%af%d8%b1%d8%a7%d9%85/,/%d8%a8%d9%87%d8%aa%d8%b1%db%8c%d9%86-%d8%a7%d8%a8%d8%b2%d8%a7%d8%b1-%d9%86%d9%88%d8%b4%d8%aa%d9%86-%da%a9%d9%be%d8%b4%d9%86-%d8%a7%db%8c%d9%86%d8%b3%d8%aa%d8%a7%da%af%d8%b1%d8%a7%d9%85/,200,
https://chatreghermez.com/,https://chatreghermez.com/seo-checklist/,/seo-checklist/,200,
https://chatreghermez.com/,https://chatreghermez.com/promotional-gifts/,/promotional-gifts/,200,
https://chatreghermez.com/,https://chatreghermez.com/%da%a9%d8%aa%d8%a7%d8%a8-%d9%85%d9%87%d8%b1%d9%87%db%8c-%d8%ad%db%8c%d8%a7%d8%aa%db%8c/,/%da%a9%d8%aa%d8%a7%d8%a8-%d9%85%d9%87%d8%b1%d9%87%db%8c-%d8%ad%db%8c%d8%a7%d8%aa%db%8c/,200,
https://chatreghermez.com/,https://chatreghermez.com/category/%da%a9%d8%aa%d8%a7%d8%a8/,/category/%da%a9%d8%aa%d8%a7%d8%a8/,200,
https://chatreghermez.com/,https://chatreghermez.com/the-difference-in-photography/,/the-difference-in-photography/,200,
https://chatreghermez.com/,https://chatreghermez.com/sakdasti/,/sakdasti/,200,
https://chatreghermez.com/,https://chatreghermez.com/the-effect-of-hand-bags-on-sales-and-advertising/,/the-effect-of-hand-bags-on-sales-and-advertising/,200,
https://chatreghermez.com/,https://chatreghermez.com/the-book-of-originalism/,/the-book-of-originalism/,200,
https://chatreghermez.com/,https://chatreghermez.com/brandstory/,/brandstory/,200,
https://chatreghermez.com/,https://chatreghermez.com/instagram-trends-in-2023/,/instagram-trends-in-2023/,200,
https://chatreghermez.com/,https://chatreghermez.com/marketing-performance/,/marketing-performance/,200,
https://chatreghermez.com/,https://chatreghermez.com/influencer-marketing-campaign/,/influencer-marketing-campaign/,200,
https://chatreghermez.com/,https://chatreghermez.com/%da%af%db%8c%d9%85%db%8c%d9%81%db%8c%da%a9%db%8c%d8%b4%d9%86/,/%da%af%db%8c%d9%85%db%8c%d9%81%db%8c%da%a9%db%8c%d8%b4%d9%86/,200,
https://chatreghermez.com/,https://chatreghermez.com/choosing-an-organizational-color/,/choosing-an-organizational-color/,200,
https://chatreghermez.com/,https://chatreghermez.com/printed-advertisement/,/printed-advertisement/,200,
https://chatreghermez.com/,https://chatreghermez.com/content-advertising/,/content-advertising/,200,
https://chatreghermez.com/,https://chatreghermez.com/%da%a9%d8%a7%d8%b1%d8%aa-%d9%88%db%8c%d8%b2%db%8c%d8%aa/,/%da%a9%d8%a7%d8%b1%d8%aa-%d9%88%db%8c%d8%b2%db%8c%d8%aa/,200,
https://chatreghermez.com/,https://chatreghermez.com/what-is-seo/,/what-is-seo/,200,
https://chatreghermez.com/,https://chatreghermez.com/%d9%88%d8%a8-%d8%b3%d8%a7%db%8c%d8%aa-%d8%a8%d9%87%d8%aa%d8%b1-%d8%a7%d8%b3%d8%aa-%db%8c%d8%a7-%d8%a7%db%8c%d9%86%d8%b3%d8%aa%d8%a7%da%af%d8%b1%d8%a7%d9%85/,/%d9%88%d8%a8-%d8%b3%d8%a7%db%8c%d8%aa-%d8%a8%d9%87%d8%aa%d8%b1-%d8%a7%d8%b3%d8%aa-%db%8c%d8%a7-%d8%a7%db%8c%d9%86%d8%b3%d8%aa%d8%a7%da%af%d8%b1%d8%a7%d9%85/,200,
https://chatreghermez.com/,https://chatreghermez.com/%d8%a8%d8%a7%d8%b2%d8%a7%d8%b1%db%8c%d8%a7%d8%a8%db%8c/,/%d8%a8%d8%a7%d8%b2%d8%a7%d8%b1%db%8c%d8%a7%d8%a8%db%8c/,200,
https://chatreghermez.com/,https://chatreghermez.com/the-book-of-being-everything/,/the-book-of-being-everything/,200,
https://chatreghermez.com/,https://chatreghermez.com/ways-to-earn-money-with-the-phone/,/ways-to-earn-money-with-the-phone/,200,
https://chatreghermez.com/,https://chatreghermez.com/advertising/,/advertising/,200,
https://chatreghermez.com/,https://chatreghermez.com/digital-marketing-tools/,/digital-marketing-tools/,200,
https://chatreghermez.com/,https://chatreghermez.com/building-a-unique-business/,/building-a-unique-business/,200,
https://chatreghermez.com/,https://chatreghermez.com/telegram-marketing/,/telegram-marketing/,200,
https://chatreghermez.com/,https://chatreghermez.com/instagram-admin-tasks/,/instagram-admin-tasks/,200,
https://chatreghermez.com/,https://chatreghermez.com/%d8%af%d8%a7%d9%86%d9%84%d9%88%d8%af-%d8%b1%d8%a7%db%8c%da%af%d8%a7%d9%86-%da%a9%d8%aa%d8%a7%d8%a8-%d9%82%d9%84%d8%b9%d9%87-%d8%ad%db%8c%d9%88%d8%a7%d9%86%d8%a7%d8%aa/,/%d8%af%d8%a7%d9%86%d9%84%d9%88%d8%af-%d8%b1%d8%a7%db%8c%da%af%d8%a7%d9%86-%da%a9%d8%aa%d8%a7%d8%a8-%d9%82%d9%84%d8%b9%d9%87-%d8%ad%db%8c%d9%88%d8%a7%d9%86%d8%a7%d8%aa/,200,
https://chatreghermez.com/,https://chatreghermez.com/artificial-intelligence/,/artificial-intelligence/,200,
https://chatreghermez.com/,https://chatreghermez.com/logo-design-with-photoshop/,/logo-design-with-photoshop/,200,
https://chatreghermez.com/,https://chatreghermez.com/%d8%af%d8%a7%d9%86%d9%84%d9%88%d8%af-%d8%b1%d8%a7%db%8c%da%af%d8%a7%d9%86-%da%86%d9%87%d8%a7%d8%b1-%d8%b1%d8%a7%d9%87-%d9%be%d9%88%d9%84-%d8%b3%d8%a7%d8%b2%db%8c/,/%d8%af%d8%a7%d9%86%d9%84%d9%88%d8%af-%d8%b1%d8%a7%db%8c%da%af%d8%a7%d9%86-%da%86%d9%87%d8%a7%d8%b1-%d8%b1%d8%a7%d9%87-%d9%be%d9%88%d9%84-%d8%b3%d8%a7%d8%b2%db%8c/,200,
https://chatreghermez.com/,https://chatreghermez.com/adobe-illustrator/,/adobe-illustrator/,200,
https://chatreghermez.com/,https://chatreghermez.com/advertising-media/,/advertising-media/,200,
https://chatreghermez.com/,https://chatreghermez.com/%d8%af%d8%a7%d9%86%d9%84%d9%88%d8%af-%d8%b1%d8%a7%db%8c%da%af%d8%a7%d9%86-%da%a9%d8%aa%d8%a7%d8%a8-%d8%b3%d9%84%d8%a7%d9%85-%d8%af%d9%86%db%8c%d8%a7/,/%d8%af%d8%a7%d9%86%d9%84%d9%88%d8%af-%d8%b1%d8%a7%db%8c%da%af%d8%a7%d9%86-%da%a9%d8%aa%d8%a7%d8%a8-%d8%b3%d9%84%d8%a7%d9%85-%d8%af%d9%86%db%8c%d8%a7/,200,
https://chatreghermez.com/,https://chatreghermez.com/poster-design/,/poster-design/,200,
https://chatreghermez.com/,https://chatreghermez.com/responsive/,/responsive/,200,
https://chatreghermez.com/,https://chatreghermez.com/realestateads/,/realestateads/,200,
https://chatreghermez.com/,https://chatreghermez.com/the-best-advertising-company/,/the-best-advertising-company/,200,
https://chatreghermez.com/,https://chatreghermez.com/%d9%85%d8%b9%d8%b1%d9%81%db%8c-%da%a9%d8%aa%d8%a7%d8%a8-%d8%a8%d9%87%d8%aa%d8%b1%db%8c%d9%86-%d8%b3%d8%a7%d9%84-%d8%b2%d9%86%d8%af%da%af%db%8c-%d8%aa%d9%88/,/%d9%85%d8%b9%d8%b1%d9%81%db%8c-%da%a9%d8%aa%d8%a7%d8%a8-%d8%a8%d9%87%d8%aa%d8%b1%db%8c%d9%86-%d8%b3%d8%a7%d9%84-%d8%b2%d9%86%d8%af%da%af%db%8c-%d8%aa%d9%88/,200,
https://chatreghermez.com/,https://chatreghermez.com/business-growth/,/business-growth/,200,
https://chatreghermez.com/,https://chatreghermez.com/%da%a9%d8%aa%d8%a7%d8%a8-%d8%a7%d8%ab%d8%b1-%d9%85%d8%b1%da%a9%d8%a8/,/%da%a9%d8%aa%d8%a7%d8%a8-%d8%a7%d8%ab%d8%b1-%d9%85%d8%b1%da%a9%d8%a8/,200,
https://chatreghermez.com/,https://chatreghermez.com/creative-advertising-text/,/creative-advertising-text/,200,
https://chatreghermez.com/,https://chatreghermez.com/%da%a9%d8%aa%d8%a7%d8%a8-%d9%85%d8%b1%da%af-%da%a9%d8%b3%d8%a8-%d9%88-%da%a9%d8%a7%d8%b1-%d9%85%d9%86-%d8%a7%d8%b3%d8%aa/,/%da%a9%d8%aa%d8%a7%d8%a8-%d9%85%d8%b1%da%af-%da%a9%d8%b3%d8%a8-%d9%88-%da%a9%d8%a7%d8%b1-%d9%85%d9%86-%d8%a7%d8%b3%d8%aa/,200,
https://chatreghermez.com/,https://chatreghermez.com/%d8%b9%da%a9%d8%b3-%da%af%d8%b1%d8%a7%d9%81%db%8c%da%a9%db%8c-%d8%b1%d8%a7%db%8c%da%af%d8%a7%d9%86/,/%d8%b9%da%a9%d8%b3-%da%af%d8%b1%d8%a7%d9%81%db%8c%da%a9%db%8c-%d8%b1%d8%a7%db%8c%da%af%d8%a7%d9%86/,200,
https://chatreghermez.com/,https://chatreghermez.com/%da%86%d8%a7%d9%be-%d8%a7%d9%81%d8%b3%d8%aa-%da%86%d8%a7%d9%be-%d8%af%db%8c%d8%ac%db%8c%d8%aa%d8%a7%d9%84/,/%da%86%d8%a7%d9%be-%d8%a7%d9%81%d8%b3%d8%aa-%da%86%d8%a7%d9%be-%d8%af%db%8c%d8%ac%db%8c%d8%aa%d8%a7%d9%84/,200,
https://chatreghermez.com/,https://chatreghermez.com/advertising-campaign/,/advertising-campaign/,200,
https://chatreghermez.com/,https://chatreghermez.com/billboard/,/billboard/,200,
https://chatreghermez.com/,https://chatreghermez.com/brand/,/brand/,200,
https://chatreghermez.com/,https://chatreghermez.com/basic-logo-design/,/basic-logo-design/,200,
https://chatreghermez.com/,https://chatreghermez.com/increase_follow/,/increase_follow/,200,
https://chatreghermez.com/,https://chatreghermez.com/%d8%aa%d8%b1%d8%a7%d9%81%db%8c%da%a9-%d9%88%d8%a8-%d8%b3%d8%a7%db%8c%d8%aa/,/%d8%aa%d8%b1%d8%a7%d9%81%db%8c%da%a9-%d9%88%d8%a8-%d8%b3%d8%a7%db%8c%d8%aa/,200,
https://chatreghermez.com/,https://chatreghermez.com/customer-relationship/,/customer-relationship/,200,
https://chatreghermez.com/,https://chatreghermez.com/domain/,/domain/,200,
https://chatreghermez.com/,https://chatreghermez.com/cache-plugin/,/cache-plugin/,200,
https://chatreghermez.com/,https://chatreghermez.com/%d8%aa%d8%a8%d9%84%db%8c%d8%ba%d8%a7%d8%aa-%d9%85%d8%ad%db%8c%d8%b7%db%8c/,/%d8%aa%d8%a8%d9%84%db%8c%d8%ba%d8%a7%d8%aa-%d9%85%d8%ad%db%8c%d8%b7%db%8c/,200,
https://chatreghermez.com/,https://chatreghermez.com/instagram-algorithms/,/instagram-algorithms/,200,
https://chatreghermez.com/,https://chatreghermez.com/social-networks/,/social-networks/,200,
https://chatreghermez.com/,https://chatreghermez.com/copywriting/,/copywriting/,200,
https://chatreghermez.com/,https://chatreghermez.com/%da%a9%d9%84%db%8c%d8%af-%d9%88%d8%a7%da%98%d9%87-%da%a9%d8%a7%d9%86%d9%88%d9%86%db%8c-%da%86%db%8c%d8%b3%d8%aa-%d9%88-%da%86%d8%b1%d8%a7-%d8%a8%d8%a7%db%8c%d8%af-%d8%aa%d9%86%d9%87%d8%a7-%db%8c%da%a9/,/%da%a9%d9%84%db%8c%d8%af-%d9%88%d8%a7%da%98%d9%87-%da%a9%d8%a7%d9%86%d9%88%d9%86%db%8c-%da%86%db%8c%d8%b3%d8%aa-%d9%88-%da%86%d8%b1%d8%a7-%d8%a8%d8%a7%db%8c%d8%af-%d8%aa%d9%86%d9%87%d8%a7-%db%8c%da%a9/,200,
https://chatreghermez.com/,https://chatreghermez.com/%d9%be%d8%a7%d8%af%da%a9%d8%b3%d8%aa-%d9%87%d8%b1%d8%a2%d9%86%da%86%d9%87-%da%a9%d9%87-%d8%a8%d8%a7%db%8c%d8%af-%d8%af%d8%b1%d8%a8%d8%a7%d8%b1%d9%87%db%8c-podcast%d9%87%d8%a7-%d8%a8%d8%af/,/%d9%be%d8%a7%d8%af%da%a9%d8%b3%d8%aa-%d9%87%d8%b1%d8%a2%d9%86%da%86%d9%87-%da%a9%d9%87-%d8%a8%d8%a7%db%8c%d8%af-%d8%af%d8%b1%d8%a8%d8%a7%d8%b1%d9%87%db%8c-podcast%d9%87%d8%a7-%d8%a8%d8%af/,200,
https://chatreghermez.com/,https://chatreghermez.com/7-%d8%a7%d8%b4%d8%aa%d8%a8%d8%a7%d9%87-%d8%a8%d8%b2%d8%b1%da%af-%d8%af%d8%b1-%d8%a8%d8%a7%d8%b2%d8%a7%d8%b1%db%8c%d8%a7%d8%a8%db%8c-%d9%85%d8%ad%d8%aa%d9%88%d8%a7%db%8c%db%8c/,/7-%d8%a7%d8%b4%d8%aa%d8%a8%d8%a7%d9%87-%d8%a8%d8%b2%d8%b1%da%af-%d8%af%d8%b1-%d8%a8%d8%a7%d8%b2%d8%a7%d8%b1%db%8c%d8%a7%d8%a8%db%8c-%d9%85%d8%ad%d8%aa%d9%88%d8%a7%db%8c%db%8c/,200,
https://chatreghermez.com/,https://chatreghermez.com/%d9%87%d8%b1%d8%a2%d9%86%da%86%d9%87-%d8%a8%d8%a7%db%8c%d8%af-%d8%af%d8%b1%d8%a8%d8%a7%d8%b1%d9%87-%d8%a8%d8%a7%d8%b2%d8%a7%d8%b1%db%8c%d8%a7%d8%a8%db%8c-%d9%85%d8%ad%d8%aa%d9%88%d8%a7%db%8c%db%8c/,/%d9%87%d8%b1%d8%a2%d9%86%da%86%d9%87-%d8%a8%d8%a7%db%8c%d8%af-%d8%af%d8%b1%d8%a8%d8%a7%d8%b1%d9%87-%d8%a8%d8%a7%d8%b2%d8%a7%d8%b1%db%8c%d8%a7%d8%a8%db%8c-%d9%85%d8%ad%d8%aa%d9%88%d8%a7%db%8c%db%8c/,200,
https://chatreghermez.com/,https://chatreghermez.com/%d8%b3%db%8c%d8%b1-%d8%aa%d8%a7-%d9%be%db%8c%d8%a7%d8%b2-%d8%a7%d8%b3%d8%aa%d8%b1%d8%a7%d8%aa%da%98%db%8c-%d8%aa%d9%88%d9%84%db%8c%d8%af-%d9%85%d8%ad%d8%aa%d9%88%d8%a7/,/%d8%b3%db%8c%d8%b1-%d8%aa%d8%a7-%d9%be%db%8c%d8%a7%d8%b2-%d8%a7%d8%b3%d8%aa%d8%b1%d8%a7%d8%aa%da%98%db%8c-%d8%aa%d9%88%d9%84%db%8c%d8%af-%d9%85%d8%ad%d8%aa%d9%88%d8%a7/,200,
https://chatreghermez.com/services/,https://chatreghermez.com/,/,200,
https://chatreghermez.com/services/,https://chatreghermez.com/website-design-in-isfahan/,/website-design-in-isfahan/,200,
https://chatreghermez.com/services/,https://chatreghermez.com/graphic-design-services/,/graphic-design-services/,200,
https://chatreghermez.com/services/,https://chatreghermez.com/advertising-video-and-teaser/,/advertising-video-and-teaser/,200,
https://chatreghermez.com/services/,https://chatreghermez.com/instagram-page-management-in-isfahan/,/instagram-page-management-in-isfahan/,200,
https://chatreghermez.com/services/,https://chatreghermez.com/portfolios/,/portfolios/,200,
https://chatreghermez.com/services/,https://chatreghermez.com/contact-us/,/contact-us/,200,
https://chatreghermez.com/services/,#elementor-action%3Aaction%3Doff_canvas%3Aopen%26settings%3DeyJpZCI6IjBhYjQzY2QiLCJkaXNwbGF5TW9kZSI6Im9wZW4ifQ%3D%3D,/services/,200,
https://chatreghermez.com/services/,https://chatreghermez.com/seo-services-in-isfahan/,/seo-services-in-isfahan/,200,
https://chatreghermez.com/services/,https://chatreghermez.com/about-us/,/about-us/,200,
https://chatreghermez.com/services/,https://chatreghermez.com/website-support-in-isfahan/,/website-support-in-isfahan/,200,
https://chatreghermez.com/services/,https://chatreghermez.com/logo-design-in-isfahan/,/logo-design-in-isfahan/,200,
https://chatreghermez.com/services/,https://chatreghermez.com/catalog-design-and-printing-in-isfahan/,/catalog-design-and-printing-in-isfahan/,200,
https://chatreghermez.com/services/,https://chatreghermez.com/brochure-design-in-isfahan/,/brochure-design-in-isfahan/,200,
https://chatreghermez.com/services/,https://chatreghermez.com/office-set-design-in-isfahan/,/office-set-design-in-isfahan/,200,
https://chatreghermez.com/services/,https://chatreghermez.com/business-card-design-in-isfahan/,/business-card-design-in-isfahan/,200,
https://chatreghermez.com/services/,https://chatreghermez.com/hand-bag-design-in-isfahan/paper-bag/,/hand-bag-design-in-isfahan/paper-bag/,200,
https://chatreghermez.com/services/,https://chatreghermez.com/childrens-book-design/,/childrens-book-design/,200,
https://chatreghermez.com/services/,https://chatreghermez.com/video-marketing-in-isfahan/,/video-marketing-in-isfahan/,200,
https://chatreghermez.com/services/,https://chatreghermez.com/advertising-campaign-design/,/advertising-campaign-design/,200,
https://chatreghermez.com/services/,https://chatreghermez.com/advertising-teaser-design-in-isfahan/,/advertising-teaser-design-in-isfahan/,200,
https://chatreghermez.com/services/,https://chatreghermez.com/motion-graphic-design-in-isfahan/,/motion-graphic-design-in-isfahan/,200,
https://chatreghermez.com/services/,https://chatreghermez.com/advertising-photography-in-isfahan/,/advertising-photography-in-isfahan/,200,
https://chatreghermez.com/services/,https://chatreghermez.com/consulting/,/consulting/,200,
https://chatreghermez.com/portfolio/,https://chatreghermez.com/,/,200,
https://chatreghermez.com/portfolio/,https://chatreghermez.com/website-design-in-isfahan/,/website-design-in-isfahan/,200,
https://chatreghermez.com/portfolio/,https://chatreghermez.com/graphic-design-services/,/graphic-design-services/,200,
https://chatreghermez.com/portfolio/,https://chatreghermez.com/advertising-video-and-teaser/,/advertising-video-and-teaser/,200,
https://chatreghermez.com/portfolio/,https://chatreghermez.com/instagram-page-management-in-isfahan/,/instagram-page-management-in-isfahan/,200,
https://chatreghermez.com/portfolio/,https://chatreghermez.com/portfolios/,/portfolios/,200,
https://chatreghermez.com/portfolio/,https://chatreghermez.com/contact-us/,/contact-us/,200,
https://chatreghermez.com/portfolio/,#elementor-action%3Aaction%3Doff_canvas%3Aopen%26settings%3DeyJpZCI6IjBhYjQzY2QiLCJkaXNwbGF5TW9kZSI6Im9wZW4ifQ%3D%3D,/portfolio/,200,
https://chatreghermez.com/portfolio/,https://chatreghermez.com/seo-services-in-isfahan/,/seo-services-in-isfahan/,200,
https://chatreghermez.com/portfolio/,https://chatreghermez.com/about-us/,/about-us/,200,
https://chatreghermez.com/portfolio/,https://chatreghermez.com/portfolio/ghalamchi-cultural-art-center/,/portfolio/ghalamchi-cultural-art-center/,200,
https://chatreghermez.com/portfolio/,https://chatreghermez.com/portfolio/ata-skating-academy/,/portfolio/ata-skating-academy/,200,
https://chatreghermez.com/portfolio/,https://chatreghermez.com/portfolio/jan-snack-restaurant/,/portfolio/jan-snack-restaurant/,200,
https://chatreghermez.com/portfolio/,https://chatreghermez.com/portfolio/nikan-nut-store-banner/,/portfolio/nikan-nut-store-banner/,200,
https://chatreghermez.com/portfolio/,https://chatreghermez.com/portfolio/dr-afsaneh-shirani-neonatologist/,/portfolio/dr-afsaneh-shirani-neonatologist/,200,
https://chatreghermez.com/portfolio/,https://chatreghermez.com/portfolio/dr-reza-ebrahimi-general-surgeon-banner/,/portfolio/dr-reza-ebrahimi-general-surgeon-banner/,200,
https://chatreghermez.com/portfolio/,https://chatreghermez.com/portfolio/mr-nazari-furniture/,/portfolio/mr-nazari-furniture/,200,
https://chatreghermez.com/portfolio/,https://chatreghermez.com/portfolio/mr-nazari-furniture-banner/,/portfolio/mr-nazari-furniture-banner/,200,
https://chatreghermez.com/portfolio/,https://chatreghermez.com/portfolio/tosan-car-logo/,/portfolio/tosan-car-logo/,200,
https://chatreghermez.com/portfolio/,https://chatreghermez.com/portfolio/dairy-basir-logo/,/portfolio/dairy-basir-logo/,200,
https://chatreghermez.com/portfolio/,https://chatreghermez.com/portfolio/page/2/,/portfolio/page/2/,200,
https://chatreghermez.com/portfolio/,https://chatreghermez.com/portfolio/page/3/,/portfolio/page/3/,200,
https://chatreghermez.com/about-us/,https://chatreghermez.com/,/,200,
https://chatreghermez.com/about-us/,https://chatreghermez.com/website-design-in-isfahan/,/website-design-in-isfahan/,200,
https://chatreghermez.com/about-us/,https://chatreghermez.com/graphic-design-services/,/graphic-design-services/,200,
https://chatreghermez.com/about-us/,https://chatreghermez.com/advertising-video-and-teaser/,/advertising-video-and-teaser/,200,
https://chatreghermez.com/about-us/,https://chatreghermez.com/instagram-page-management-in-isfahan/,/instagram-page-management-in-isfahan/,200,
https://chatreghermez.com/about-us/,https://chatreghermez.com/portfolios/,/portfolios/,200,
https://chatreghermez.com/about-us/,https://chatreghermez.com/contact-us/,/contact-us/,200,
https://chatreghermez.com/about-us/,#elementor-action%3Aaction%3Doff_canvas%3Aopen%26settings%3DeyJpZCI6IjBhYjQzY2QiLCJkaXNwbGF5TW9kZSI6Im9wZW4ifQ%3D%3D,/about-us/,200,
https://chatreghermez.com/about-us/,https://chatreghermez.com/seo-services-in-isfahan/,/seo-services-in-isfahan/,200,
https://chatreghermez.com/contact-us/,https://chatreghermez.com/,/,200,
https://chatreghermez.com/contact-us/,https://chatreghermez.com/website-design-in-isfahan/,/website-design-in-isfahan/,200,
https://chatreghermez.com/contact-us/,https://chatreghermez.com/graphic-design-services/,/graphic-design-services/,200,
https://chatreghermez.com/contact-us/,https://chatreghermez.com/advertising-video-and-teaser/,/advertising-video-and-teaser/,200,
https://chatreghermez.com/contact-us/,https://chatreghermez.com/instagram-page-management-in-isfahan/,/instagram-page-management-in-isfahan/,200,
https://chatreghermez.com/contact-us/,https://chatreghermez.com/portfolios/,/portfolios/,200,
https://chatreghermez.com/contact-us/,https://chatreghermez.com/contact-us/,/contact-us/,200,
https://chatreghermez.com/contact-us/,https://chatreghermez.com/seo-services-in-isfahan/,/seo-services-in-isfahan/,200,
https://chatreghermez.com/contact-us/,https://chatreghermez.com/about-us/,/about-us/,200,
