requested_url,initial_status,final_status,final_url,redirect_hops,redirect_chain,content_type,title,h1,canonical,meta_robots,x_robots_tag,indexable_guess,meta_description,text_sample,content_bytes,content_sha256,error
https://chatreghermez.com/,200,200,https://chatreghermez.com/,0,,text/html; charset=UTF-8,آژانس تبلیغاتی چتر‌قرمز - شرکت تبلیغات در اصفهان,,https://chatreghermez.com/,"follow, index, max-snippet:-1, max-video-preview:-1, max-image-preview:large",,YES,آژانس تبلیغاتی چتر‌قرمز مجری و مشاور صنعت تبلیغات، طراحی سایت و سئو، طراحی گرافیک، تولید محتوا و مدیریت شبکه های اجتماعی و دیگر خدمات بروز تکنولوژی میباشد.,آژانس تبلیغاتی چتر‌قرمز - شرکت تبلیغات در اصفهان ADDRESS ISFAHAN.IRAN EMAIL chatreghermez.ads@gmail.com PHONE 3432 335 0913 صفحه اصلی طراحی سایت طراحی گرافیکی ویدئو و تیزر تبلیغاتی صفحه اصلی طراحی سایت طراحی گرافیکی ویدئو و تیزر تبلیغاتی مدیریت اینستاگرام نمونه‌کار تماس با ما مدیریت اینستاگرام نمونه‌کار تماس با ما ADDRESS ISFAHAN.IRAN EMAIL chatreghermez.ads@gmail.com PHONE 3432 335 0913 آژانس تبلیغاتی چتر‌قرمز طراحی سایت سئو سایت طراحی گرافیکی ویدئو و تیزر تبلیغاتی مدیریت اینستاگرام نمونه کار درباره ما تماس با ما آژانس تبلیغاتی چتر‌قرمز طراحی سایت سئو سایت طراحی گرافیکی ویدئو و تیزر تبلیغاتی مدیریت اینستاگرام نمونه کار درباره ما تماس با ما خدمـــات مـــا آژانس تبلیغاتی چتر‌قرمز با تخصص دیجیتال مارکتینگ در زمینه‌هایی همچون طراحی سایت،خدمات بهینه سازی و سئوی سایت، طراحی گرافیک،ساخت ویدئو و ,609025,98272fc2e7792e7bf6fc00c66c530c830a7be195833cfabd28fab7f665046341,
https://chatreghermez.com/environmental-advertising,404,404,https://chatreghermez.com/environmental-advertising,0,,text/html; charset=UTF-8,صفحه پیدا نشد - آژانس تبلیغاتی چتر‌قرمز,,,"follow, noindex",,NO_STATUS,,صفحه پیدا نشد - آژانس تبلیغاتی چتر‌قرمز ADDRESS ISFAHAN.IRAN EMAIL chatreghermez.ads@gmail.com PHONE 3432 335 0913 صفحه اصلی طراحی سایت طراحی گرافیکی ویدئو و تیزر تبلیغاتی صفحه اصلی طراحی سایت طراحی گرافیکی ویدئو و تیزر تبلیغاتی مدیریت اینستاگرام نمونه‌کار تماس با ما مدیریت اینستاگرام نمونه‌کار تماس با ما ADDRESS ISFAHAN.IRAN EMAIL chatreghermez.ads@gmail.com PHONE 3432 335 0913 آژانس تبلیغاتی چتر‌قرمز طراحی سایت سئو سایت طراحی گرافیکی ویدئو و تیزر تبلیغاتی مدیریت اینستاگرام نمونه کار درباره ما تماس با ما آژانس تبلیغاتی چتر‌قرمز طراحی سایت سئو سایت طراحی گرافیکی ویدئو و تیزر تبلیغاتی مدیریت اینستاگرام نمونه کار درباره ما تماس با ما ببخشید محتوایی برای نمایش یافت نشد. ممکن است محتوایی از قبل وجود نداشته یا حذف شده باشد. با این حال، می توانید با کلمه کلیدی دیگری جستجو کنید. نوشته ها جستجو بر,116556,4250130fcd557e4bf8daa14973edbfd215c7445068bbd806c0ec93d5560a34da,
https://chatreghermez.com/environmental-advertising/,,,https://chatreghermez.com/environmental-advertising/,0,,,,,,,,,,,0,,TimeoutError: The read operation timed out
https://chatreghermez.com/municipality-investment,404,404,https://chatreghermez.com/municipality-investment,0,,text/html; charset=UTF-8,صفحه پیدا نشد - آژانس تبلیغاتی چتر‌قرمز,,,"follow, noindex",,NO_STATUS,,صفحه پیدا نشد - آژانس تبلیغاتی چتر‌قرمز ADDRESS ISFAHAN.IRAN EMAIL chatreghermez.ads@gmail.com PHONE 3432 335 0913 صفحه اصلی طراحی سایت طراحی گرافیکی ویدئو و تیزر تبلیغاتی صفحه اصلی طراحی سایت طراحی گرافیکی ویدئو و تیزر تبلیغاتی مدیریت اینستاگرام نمونه‌کار تماس با ما مدیریت اینستاگرام نمونه‌کار تماس با ما ADDRESS ISFAHAN.IRAN EMAIL chatreghermez.ads@gmail.com PHONE 3432 335 0913 آژانس تبلیغاتی چتر‌قرمز طراحی سایت سئو سایت طراحی گرافیکی ویدئو و تیزر تبلیغاتی مدیریت اینستاگرام نمونه کار درباره ما تماس با ما آژانس تبلیغاتی چتر‌قرمز طراحی سایت سئو سایت طراحی گرافیکی ویدئو و تیزر تبلیغاتی مدیریت اینستاگرام نمونه کار درباره ما تماس با ما ببخشید محتوایی برای نمایش یافت نشد. ممکن است محتوایی از قبل وجود نداشته یا حذف شده باشد. با این حال، می توانید با کلمه کلیدی دیگری جستجو کنید. نوشته ها جستجو بر,116556,4250130fcd557e4bf8daa14973edbfd215c7445068bbd806c0ec93d5560a34da,
https://chatreghermez.com/municipality-investment/,,,https://chatreghermez.com/municipality-investment/,0,,,,,,,,,,,0,,TimeoutError: The read operation timed out
https://chatreghermez.com/investment/,,,https://chatreghermez.com/investment/,0,,,,,,,,,,,0,,TimeoutError: The read operation timed out
https://chatreghermez.com/billboard-rental-isfahan,,,https://chatreghermez.com/billboard-rental-isfahan,0,,,,,,,,,,,0,,TimeoutError: The read operation timed out
https://chatreghermez.com/billboard-rental-isfahan/,404,404,https://chatreghermez.com/billboard-rental-isfahan/,0,,text/html; charset=UTF-8,صفحه پیدا نشد - آژانس تبلیغاتی چتر‌قرمز,,,"follow, noindex",,NO_STATUS,,صفحه پیدا نشد - آژانس تبلیغاتی چتر‌قرمز ADDRESS ISFAHAN.IRAN EMAIL chatreghermez.ads@gmail.com PHONE 3432 335 0913 صفحه اصلی طراحی سایت طراحی گرافیکی ویدئو و تیزر تبلیغاتی صفحه اصلی طراحی سایت طراحی گرافیکی ویدئو و تیزر تبلیغاتی مدیریت اینستاگرام نمونه‌کار تماس با ما مدیریت اینستاگرام نمونه‌کار تماس با ما ADDRESS ISFAHAN.IRAN EMAIL chatreghermez.ads@gmail.com PHONE 3432 335 0913 آژانس تبلیغاتی چتر‌قرمز طراحی سایت سئو سایت طراحی گرافیکی ویدئو و تیزر تبلیغاتی مدیریت اینستاگرام نمونه کار درباره ما تماس با ما آژانس تبلیغاتی چتر‌قرمز طراحی سایت سئو سایت طراحی گرافیکی ویدئو و تیزر تبلیغاتی مدیریت اینستاگرام نمونه کار درباره ما تماس با ما ببخشید محتوایی برای نمایش یافت نشد. ممکن است محتوایی از قبل وجود نداشته یا حذف شده باشد. با این حال، می توانید با کلمه کلیدی دیگری جستجو کنید. نوشته ها جستجو بر,116556,4250130fcd557e4bf8daa14973edbfd215c7445068bbd806c0ec93d5560a34da,
https://chatreghermez.com/billboard-mobarakeh,,,https://chatreghermez.com/billboard-mobarakeh,0,,,,,,,,,,,0,,TimeoutError: The read operation timed out
https://chatreghermez.com/billboard-mobarakeh/,,,https://chatreghermez.com/billboard-mobarakeh/,0,,,,,,,,,,,0,,TimeoutError: The read operation timed out
https://chatreghermez.com/cities/mobarakeh/,,,https://chatreghermez.com/cities/mobarakeh/,0,,,,,,,,,,,0,,TimeoutError: The read operation timed out
https://chatreghermez.com/advertising-foladshahr,,,https://chatreghermez.com/advertising-foladshahr,0,,,,,,,,,,,0,,TimeoutError: The read operation timed out
https://chatreghermez.com/advertising-foladshahr/,,,https://chatreghermez.com/advertising-foladshahr/,0,,,,,,,,,,,0,,TimeoutError: The read operation timed out
https://chatreghermez.com/cities/foladshahr/,,,https://chatreghermez.com/cities/foladshahr/,0,,,,,,,,,,,0,,TimeoutError: The read operation timed out
https://chatreghermez.com/billboard-types,,,https://chatreghermez.com/billboard-types,0,,,,,,,,,,,0,,TimeoutError: The read operation timed out
https://chatreghermez.com/billboard-types/,,,https://chatreghermez.com/billboard-types/,0,,,,,,,,,,,0,,TimeoutError: The read operation timed out
https://chatreghermez.com/structures/,,,https://chatreghermez.com/structures/,0,,,,,,,,,,,0,,TimeoutError: The read operation timed out
https://chatreghermez.com/services,200,200,https://chatreghermez.com/services,0,,text/html; charset=UTF-8,خدمات آژانس تبلیغاتی چترقرمز,SERVICES,https://chatreghermez.com/services/,"follow, index, max-snippet:-1, max-video-preview:-1, max-image-preview:large",,YES,"خدمات تبلیغاتی,بازاریابی و برند چترقرمز. تدوین استراتژی بازاریابی; تدوین استراتژی‌ تبلیغاتی; تدوین استراتژی رسانه ای; طراحی محصول،خدمت",خدمات آژانس تبلیغاتی چترقرمز ADDRESS ISFAHAN.IRAN EMAIL chatreghermez.ads@gmail.com PHONE 3432 335 0913 صفحه اصلی طراحی سایت طراحی گرافیکی ویدئو و تیزر تبلیغاتی صفحه اصلی طراحی سایت طراحی گرافیکی ویدئو و تیزر تبلیغاتی مدیریت اینستاگرام نمونه‌کار تماس با ما مدیریت اینستاگرام نمونه‌کار تماس با ما ADDRESS ISFAHAN.IRAN EMAIL chatreghermez.ads@gmail.com PHONE 3432 335 0913 آژانس تبلیغاتی چتر‌قرمز طراحی سایت سئو سایت طراحی گرافیکی ویدئو و تیزر تبلیغاتی مدیریت اینستاگرام نمونه کار درباره ما تماس با ما آژانس تبلیغاتی چتر‌قرمز طراحی سایت سئو سایت طراحی گرافیکی ویدئو و تیزر تبلیغاتی مدیریت اینستاگرام نمونه کار درباره ما تماس با ما SERVICES طراحی و توسعه سایت مشتریان شما می توانند اطلاعات کسب و کار شما را از یک موتور جستجو مثل گوگل، بروشور، و یا سوشال مدیا کسب کنند اما وب سایت شما اولین جایی هست که م,221489,ffa7b8c6c92a4afc784b487eccfc9ad2da219bdb56711fa592d0bd474574f5a1,
https://chatreghermez.com/services/,200,200,https://chatreghermez.com/services/,0,,text/html; charset=UTF-8,خدمات آژانس تبلیغاتی چترقرمز,SERVICES,https://chatreghermez.com/services/,"follow, index, max-snippet:-1, max-video-preview:-1, max-image-preview:large",,YES,"خدمات تبلیغاتی,بازاریابی و برند چترقرمز. تدوین استراتژی بازاریابی; تدوین استراتژی‌ تبلیغاتی; تدوین استراتژی رسانه ای; طراحی محصول،خدمت",خدمات آژانس تبلیغاتی چترقرمز ADDRESS ISFAHAN.IRAN EMAIL chatreghermez.ads@gmail.com PHONE 3432 335 0913 صفحه اصلی طراحی سایت طراحی گرافیکی ویدئو و تیزر تبلیغاتی صفحه اصلی طراحی سایت طراحی گرافیکی ویدئو و تیزر تبلیغاتی مدیریت اینستاگرام نمونه‌کار تماس با ما مدیریت اینستاگرام نمونه‌کار تماس با ما ADDRESS ISFAHAN.IRAN EMAIL chatreghermez.ads@gmail.com PHONE 3432 335 0913 آژانس تبلیغاتی چتر‌قرمز طراحی سایت سئو سایت طراحی گرافیکی ویدئو و تیزر تبلیغاتی مدیریت اینستاگرام نمونه کار درباره ما تماس با ما آژانس تبلیغاتی چتر‌قرمز طراحی سایت سئو سایت طراحی گرافیکی ویدئو و تیزر تبلیغاتی مدیریت اینستاگرام نمونه کار درباره ما تماس با ما SERVICES طراحی و توسعه سایت مشتریان شما می توانند اطلاعات کسب و کار شما را از یک موتور جستجو مثل گوگل، بروشور، و یا سوشال مدیا کسب کنند اما وب سایت شما اولین جایی هست که م,221489,ffa7b8c6c92a4afc784b487eccfc9ad2da219bdb56711fa592d0bd474574f5a1,
https://chatreghermez.com/web-design-isfahan,,,https://chatreghermez.com/web-design-isfahan,0,,,,,,,,,,,0,,TimeoutError: The read operation timed out
https://chatreghermez.com/web-design-isfahan/,,,https://chatreghermez.com/web-design-isfahan/,0,,,,,,,,,,,0,,TimeoutError: The read operation timed out
https://chatreghermez.com/web-design/,,,https://chatreghermez.com/web-design/,0,,,,,,,,,,,0,,TimeoutError: The read operation timed out
https://chatreghermez.com/graphic-design,,,https://chatreghermez.com/graphic-design,0,,,,,,,,,,,0,,TimeoutError: The read operation timed out
https://chatreghermez.com/graphic-design/,,,https://chatreghermez.com/graphic-design/,0,,,,,,,,,,,0,,TimeoutError: The read operation timed out
https://chatreghermez.com/printing,,,https://chatreghermez.com/printing,0,,,,,,,,,,,0,,TimeoutError: The read operation timed out
https://chatreghermez.com/printing/,,,https://chatreghermez.com/printing/,0,,,,,,,,,,,0,,TimeoutError: The read operation timed out
https://chatreghermez.com/video-marketing-isfahan,,,https://chatreghermez.com/video-marketing-isfahan,0,,,,,,,,,,,0,,TimeoutError: The read operation timed out
https://chatreghermez.com/video-marketing-isfahan/,,,https://chatreghermez.com/video-marketing-isfahan/,0,,,,,,,,,,,0,,TimeoutError: The read operation timed out
https://chatreghermez.com/advertising-video-production/,,,https://chatreghermez.com/advertising-video-production/,0,,,,,,,,,,,0,,TimeoutError: The read operation timed out
https://chatreghermez.com/product-photography,,,https://chatreghermez.com/product-photography,0,,,,,,,,,,,0,,TimeoutError: The read operation timed out
https://chatreghermez.com/product-photography/,,,https://chatreghermez.com/product-photography/,0,,,,,,,,,,,0,,TimeoutError: The read operation timed out
https://chatreghermez.com/social-media-management,,,https://chatreghermez.com/social-media-management,0,,,,,,,,,,,0,,TimeoutError: The read operation timed out
https://chatreghermez.com/social-media-management/,,,https://chatreghermez.com/social-media-management/,0,,,,,,,,,,,0,,TimeoutError: The read operation timed out
https://chatreghermez.com/consulting,,,https://chatreghermez.com/consulting,0,,,,,,,,,,,0,,TimeoutError: The read operation timed out
https://chatreghermez.com/consulting/,,,https://chatreghermez.com/consulting/,0,,,,,,,,,,,0,,TimeoutError: The read operation timed out
https://chatreghermez.com/portfolio,200,200,https://chatreghermez.com/portfolio,0,,text/html; charset=UTF-8,نمونه کارها - آژانس تبلیغاتی چتر‌قرمز,نمونه کارها,https://chatreghermez.com/portfolio/,"follow, index, max-snippet:-1, max-video-preview:-1, max-image-preview:large",,YES,نمونه کارها Archive - آژانس تبلیغاتی چتر‌قرمز,نمونه کارها - آژانس تبلیغاتی چتر‌قرمز ADDRESS ISFAHAN.IRAN EMAIL chatreghermez.ads@gmail.com PHONE 3432 335 0913 صفحه اصلی طراحی سایت طراحی گرافیکی ویدئو و تیزر تبلیغاتی صفحه اصلی طراحی سایت طراحی گرافیکی ویدئو و تیزر تبلیغاتی مدیریت اینستاگرام نمونه‌کار تماس با ما مدیریت اینستاگرام نمونه‌کار تماس با ما ADDRESS ISFAHAN.IRAN EMAIL chatreghermez.ads@gmail.com PHONE 3432 335 0913 آژانس تبلیغاتی چتر‌قرمز طراحی سایت سئو سایت طراحی گرافیکی ویدئو و تیزر تبلیغاتی مدیریت اینستاگرام نمونه کار درباره ما تماس با ما آژانس تبلیغاتی چتر‌قرمز طراحی سایت سئو سایت طراحی گرافیکی ویدئو و تیزر تبلیغاتی مدیریت اینستاگرام نمونه کار درباره ما تماس با ما نمونه کارها صفحه اصلی نمونه کار بنرهای محیطی مشاهده نمونه کار بنرکانون فرهنگی هنری قلم‌چی بنرهای محیطی مشاهده نمونه کار بنر باشگاه تخصصی اسکیت عطا بنرهای محیطی مش,167557,4d1bf7e45b027b7ac2a2376bd0b4956568e9772f7931f4d59a4e35446696ce48,
https://chatreghermez.com/portfolio/,200,200,https://chatreghermez.com/portfolio/,0,,text/html; charset=UTF-8,نمونه کارها - آژانس تبلیغاتی چتر‌قرمز,نمونه کارها,https://chatreghermez.com/portfolio/,"follow, index, max-snippet:-1, max-video-preview:-1, max-image-preview:large",,YES,نمونه کارها Archive - آژانس تبلیغاتی چتر‌قرمز,نمونه کارها - آژانس تبلیغاتی چتر‌قرمز ADDRESS ISFAHAN.IRAN EMAIL chatreghermez.ads@gmail.com PHONE 3432 335 0913 صفحه اصلی طراحی سایت طراحی گرافیکی ویدئو و تیزر تبلیغاتی صفحه اصلی طراحی سایت طراحی گرافیکی ویدئو و تیزر تبلیغاتی مدیریت اینستاگرام نمونه‌کار تماس با ما مدیریت اینستاگرام نمونه‌کار تماس با ما ADDRESS ISFAHAN.IRAN EMAIL chatreghermez.ads@gmail.com PHONE 3432 335 0913 آژانس تبلیغاتی چتر‌قرمز طراحی سایت سئو سایت طراحی گرافیکی ویدئو و تیزر تبلیغاتی مدیریت اینستاگرام نمونه کار درباره ما تماس با ما آژانس تبلیغاتی چتر‌قرمز طراحی سایت سئو سایت طراحی گرافیکی ویدئو و تیزر تبلیغاتی مدیریت اینستاگرام نمونه کار درباره ما تماس با ما نمونه کارها صفحه اصلی نمونه کار بنرهای محیطی مشاهده نمونه کار بنرکانون فرهنگی هنری قلم‌چی بنرهای محیطی مشاهده نمونه کار بنر باشگاه تخصصی اسکیت عطا بنرهای محیطی مش,167557,4d1bf7e45b027b7ac2a2376bd0b4956568e9772f7931f4d59a4e35446696ce48,
https://chatreghermez.com/about,,,https://chatreghermez.com/about,0,,,,,,,,,,,0,,TimeoutError: The read operation timed out
https://chatreghermez.com/about/,,,https://chatreghermez.com/about/,0,,,,,,,,,,,0,,TimeoutError: The read operation timed out
https://chatreghermez.com/about-us,200,200,https://chatreghermez.com/about-us,0,,text/html; charset=UTF-8,درباره ما - آژانس تبلیغاتی چتر‌قرمز,,https://chatreghermez.com/about-us/,"follow, index, max-snippet:-1, max-video-preview:-1, max-image-preview:large",,YES,درباره چتر قرمز کانون تبلیغاتی چترقرمز با هدف متناسب سازی بازاریابی و کسب و کار در دیجیتال مارکتینگ منجر به ارتقای شغلی در بازارهای آنلاین می شود. در دنیای,درباره ما - آژانس تبلیغاتی چتر‌قرمز ADDRESS ISFAHAN.IRAN EMAIL chatreghermez.ads@gmail.com PHONE 3432 335 0913 صفحه اصلی طراحی سایت طراحی گرافیکی ویدئو و تیزر تبلیغاتی صفحه اصلی طراحی سایت طراحی گرافیکی ویدئو و تیزر تبلیغاتی مدیریت اینستاگرام نمونه‌کار تماس با ما مدیریت اینستاگرام نمونه‌کار تماس با ما ADDRESS ISFAHAN.IRAN EMAIL chatreghermez.ads@gmail.com PHONE 3432 335 0913 آژانس تبلیغاتی چتر‌قرمز طراحی سایت سئو سایت طراحی گرافیکی ویدئو و تیزر تبلیغاتی مدیریت اینستاگرام نمونه کار درباره ما تماس با ما آژانس تبلیغاتی چتر‌قرمز طراحی سایت سئو سایت طراحی گرافیکی ویدئو و تیزر تبلیغاتی مدیریت اینستاگرام نمونه کار درباره ما تماس با ما درباره چتر قرمز کانون تبلیغاتی چترقرمز با هدف متناسب سازی بازاریابی و کسب و کار در دیجیتال مارکتینگ منجر به ارتقای شغلی در بازارهای آنلاین می شود. در دنیای امروز خل,150931,e44f68392c4d38f8d5c2cf12aade5391503a5f498bbff8595803928e289d6a57,
https://chatreghermez.com/about-us/,200,200,https://chatreghermez.com/about-us/,0,,text/html; charset=UTF-8,درباره ما - آژانس تبلیغاتی چتر‌قرمز,,https://chatreghermez.com/about-us/,"follow, index, max-snippet:-1, max-video-preview:-1, max-image-preview:large",,YES,درباره چتر قرمز کانون تبلیغاتی چترقرمز با هدف متناسب سازی بازاریابی و کسب و کار در دیجیتال مارکتینگ منجر به ارتقای شغلی در بازارهای آنلاین می شود. در دنیای,درباره ما - آژانس تبلیغاتی چتر‌قرمز ADDRESS ISFAHAN.IRAN EMAIL chatreghermez.ads@gmail.com PHONE 3432 335 0913 صفحه اصلی طراحی سایت طراحی گرافیکی ویدئو و تیزر تبلیغاتی صفحه اصلی طراحی سایت طراحی گرافیکی ویدئو و تیزر تبلیغاتی مدیریت اینستاگرام نمونه‌کار تماس با ما مدیریت اینستاگرام نمونه‌کار تماس با ما ADDRESS ISFAHAN.IRAN EMAIL chatreghermez.ads@gmail.com PHONE 3432 335 0913 آژانس تبلیغاتی چتر‌قرمز طراحی سایت سئو سایت طراحی گرافیکی ویدئو و تیزر تبلیغاتی مدیریت اینستاگرام نمونه کار درباره ما تماس با ما آژانس تبلیغاتی چتر‌قرمز طراحی سایت سئو سایت طراحی گرافیکی ویدئو و تیزر تبلیغاتی مدیریت اینستاگرام نمونه کار درباره ما تماس با ما درباره چتر قرمز کانون تبلیغاتی چترقرمز با هدف متناسب سازی بازاریابی و کسب و کار در دیجیتال مارکتینگ منجر به ارتقای شغلی در بازارهای آنلاین می شود. در دنیای امروز خل,150931,e44f68392c4d38f8d5c2cf12aade5391503a5f498bbff8595803928e289d6a57,
https://chatreghermez.com/contact,,,https://chatreghermez.com/contact,0,,,,,,,,,,,0,,TimeoutError: The read operation timed out
https://chatreghermez.com/contact/,,,https://chatreghermez.com/contact/,0,,,,,,,,,,,0,,TimeoutError: The read operation timed out
https://chatreghermez.com/contact-us,200,200,https://chatreghermez.com/contact-us,0,,text/html; charset=UTF-8,تماس با ما - آژانس تبلیغاتی چتر‌قرمز,تماس و ارتباط با آژانس تبلیغات چتر‌قرمز,https://chatreghermez.com/contact-us/,"follow, index, max-snippet:-1, max-video-preview:-1, max-image-preview:large",,YES,با ما در تماس باشید,تماس با ما - آژانس تبلیغاتی چتر‌قرمز ADDRESS ISFAHAN.IRAN EMAIL chatreghermez.ads@gmail.com PHONE 3432 335 0913 صفحه اصلی طراحی سایت طراحی گرافیکی ویدئو و تیزر تبلیغاتی صفحه اصلی طراحی سایت طراحی گرافیکی ویدئو و تیزر تبلیغاتی مدیریت اینستاگرام نمونه‌کار تماس با ما مدیریت اینستاگرام نمونه‌کار تماس با ما ADDRESS ISFAHAN.IRAN EMAIL chatreghermez.ads@gmail.com PHONE 3432 335 0913 آژانس تبلیغاتی چتر‌قرمز طراحی سایت سئو سایت طراحی گرافیکی ویدئو و تیزر تبلیغاتی مدیریت اینستاگرام نمونه کار درباره ما تماس با ما آژانس تبلیغاتی چتر‌قرمز طراحی سایت سئو سایت طراحی گرافیکی ویدئو و تیزر تبلیغاتی مدیریت اینستاگرام نمونه کار درباره ما تماس با ما با ما در تماس باشید خانه » تماس با ما تماس و ارتباط با آژانس تبلیغات چتر‌قرمز آژانس تبلیغاتی چتر قرمز را می توانید در شبکه های اجتماعی، نقشه‌ها و مسیریاب های آنلای,152456,90590c372ee34ea683a5415a1f0b2ab6c41c83f416026d0183fe319b2a130302,
https://chatreghermez.com/contact-us/,200,200,https://chatreghermez.com/contact-us/,0,,text/html; charset=UTF-8,تماس با ما - آژانس تبلیغاتی چتر‌قرمز,تماس و ارتباط با آژانس تبلیغات چتر‌قرمز,https://chatreghermez.com/contact-us/,"follow, index, max-snippet:-1, max-video-preview:-1, max-image-preview:large",,YES,با ما در تماس باشید,تماس با ما - آژانس تبلیغاتی چتر‌قرمز ADDRESS ISFAHAN.IRAN EMAIL chatreghermez.ads@gmail.com PHONE 3432 335 0913 صفحه اصلی طراحی سایت طراحی گرافیکی ویدئو و تیزر تبلیغاتی صفحه اصلی طراحی سایت طراحی گرافیکی ویدئو و تیزر تبلیغاتی مدیریت اینستاگرام نمونه‌کار تماس با ما مدیریت اینستاگرام نمونه‌کار تماس با ما ADDRESS ISFAHAN.IRAN EMAIL chatreghermez.ads@gmail.com PHONE 3432 335 0913 آژانس تبلیغاتی چتر‌قرمز طراحی سایت سئو سایت طراحی گرافیکی ویدئو و تیزر تبلیغاتی مدیریت اینستاگرام نمونه کار درباره ما تماس با ما آژانس تبلیغاتی چتر‌قرمز طراحی سایت سئو سایت طراحی گرافیکی ویدئو و تیزر تبلیغاتی مدیریت اینستاگرام نمونه کار درباره ما تماس با ما با ما در تماس باشید خانه » تماس با ما تماس و ارتباط با آژانس تبلیغات چتر‌قرمز آژانس تبلیغاتی چتر قرمز را می توانید در شبکه های اجتماعی، نقشه‌ها و مسیریاب های آنلای,152456,90590c372ee34ea683a5415a1f0b2ab6c41c83f416026d0183fe319b2a130302,
https://chatreghermez.com/credentials,,,https://chatreghermez.com/credentials,0,,,,,,,,,,,0,,TimeoutError: The read operation timed out
https://chatreghermez.com/credentials/,,,https://chatreghermez.com/credentials/,0,,,,,,,,,,,0,,TimeoutError: The read operation timed out
https://chatreghermez.com/blog,,,https://chatreghermez.com/blog,0,,,,,,,,,,,0,,TimeoutError: The read operation timed out
https://chatreghermez.com/blog/,,,https://chatreghermez.com/blog/,0,,,,,,,,,,,0,,TimeoutError: The read operation timed out
https://chatreghermez.com/robots.txt,,,https://chatreghermez.com/robots.txt,0,,,,,,,,,,,0,,TimeoutError: The read operation timed out
https://chatreghermez.com/sitemap.xml,,,https://chatreghermez.com/sitemap.xml,0,,,,,,,,,,,0,,TimeoutError: The read operation timed out
https://chatreghermez.com/sitemap_index.xml,,,https://chatreghermez.com/sitemap_index.xml,0,,,,,,,,,,,0,,TimeoutError: The read operation timed out
